timestamp,event_id
1726408799983666037,1
1726408799978678434,2
1726408799872505367,3
1726408799868971125,4
1726408799785577587,3
1726408799781227056,5
1726408798471116091,3
1726408798470902636,3
1726408798466030988,4
1726408798465929988,6
1726408796580424128,3
1726408796574901571,5
1726408796076443739,3
1726408796068940102,6
1726408795776825182,1
1726408795772803825,7
1726408794482043032,3
1726408794475421712,5
1726408794379228699,3
1726408794372376441,6
1726408794082936709,3
1726408794064083954,4
1726408793076207519,3
1726408793070772046,5
1726408792284592822,3
1726408792280767079,4
1726408791975851015,3
1726408791966846855,5
1726408791078798346,3
1726408791074937972,6
1726408790474077833,3
1726408790464371747,4
1726408789274392868,3
1726408789270881295,6
1726408789174148013,1
1726408789171383127,3
1726408789167448653,7
1726408789166225168,5
1726408788872281337,3
1726408788866536676,6
1726408787978099311,3
1726408787973706335,5
1726408787581307388,3
1726408787575362252,4
1726408786871494362,3
1726408786867195118,6
1726408785384037652,3
1726408785376107870,5
1726408785075977840,3
1726408785065843988,4
1726408783179488087,3
1726408783171121962,6
1726408781979965451,1
1726408781973247240,8
1726408780974756883,3
1726408780965694614,4
1726408780282457916,3
1726408780278990582,6
1726408779787211561,3
1726408779783488197,5
1726408778670951932,3
1726408778667073222,4
1726408778474618053,3
1726408778467254343,6
1726408777182802919,1
1726408777174235109,8
1726408776379500905,3
1726408776376050547,4
1726408776070632517,3
1726408776064322524,6
1726408775083963866,3
1726408775079132971,5
1726408774687956693,3
1726408774679517020,4
1726408773804496508,3
1726408773791415027,6
1726408772587407244,3
1726408772583255069,5
1726408772070973687,1
1726408772066960786,7
1726408771983468740,3
1726408771979900649,6
1726408770684871047,3
1726408770671806148,5
1726408770270757942,3
1726408770267176540,6
1726408770168392397,3
1726408770165028794,4
1726408768986700574,3
1726408768982546544,5
1726408768485241349,3
1726408768481567877,6
1726408768371778920,1
1726408768367635103,7
1726408766882817094,3
1726408766882583528,3
1726408766876278229,5
1726408766876017293,4
1726408766672331623,3
1726408766667685315,6
1726408766371745661,3
1726408766363443428,4
1726408765584024368,3
1726408765580290025,5
1726408764399259443,3
1726408764390252567,4
1726408764074116828,3
1726408764070646606,3
1726408764069772818,6
1726408764065305470,5
1726408763076207298,3
1726408763066088441,4
1726408761132543572,3
1726408761128039028,4
1726408760974918076,3
1726408760971792587,5
1726408760779197900,3
1726408760771533475,6
1726408759971432850,3
1726408759967418657,4
1726408758873210080,3
1726408758867069135,5
1726408758172299078,1
1726408758167720847,2
1726408757188454632,3
1726408757179029438,4
1726408754872973748,3
1726408754869480905,4
1726408754783535219,3
1726408754783208841,3
1726408754776755818,5
1726408754774579669,6
1726408753595348014,3
1726408753595127726,3
1726408753582911201,6
1726408753582588495,4
1726408753469680618,3
1726408753463762705,5
1726408750779186382,3
1726408750779055457,3
1726408750774605332,6
1726408750773003735,5
1726408748985433926,3
1726408748979576617,4
1726408748869916382,1
1726408748865423323,2
1726408748172804149,3
1726408748167510201,5
1726408746374212993,3
1726408746373830924,3
1726408746367827752,6
1726408746366855484,4
1726408745779213922,3
1726408745770998706,5
1726408744071296271,3
1726408744064010140,6
1726408743878257763,3
1726408743874746697,4
1726408742269692124,3
1726408742266313200,5
1726408741688787642,3
1726408741681702280,3
1726408741679230561,6
1726408741678732452,5
1726408741273814194,3
1726408741267110833,4
1726408740768264624,3
1726408740764658995,6
1726408740473948471,1
1726408740468104272,8
1726408739616821872,3
1726408739612429966,6
1726408739480533253,3
1726408739474950402,4
1726408739182403241,3
1726408739179017807,5
1726408737772697546,3
1726408737763820659,6
1726408736973807707,1
1726408736964104710,7
1726408736382348757,3
1726408736378946628,5
1726408735282040530,3
1726408735278716310,4
1726408735171074316,3
1726408735167287363,6
1726408735098181670,3
1726408735083889638,5
1726408734068856329,3
1726408734064595483,4
1726408733787810491,3
1726408733782597386,5
1726408733677259482,1
1726408733672232798,2
1726408733490227288,3
1726408733483953897,4
1726408732675716515,3
1726408732666962469,5
1726408731572778659,3
1726408731563712966,6
1726408730883098529,3
1726408730879786522,4
1726408729368557871,3
1726408729364801215,5
1726408728779174697,3
1726408728774976195,4
1726408728375070324,3
1726408728366878422,6
1726408727179730010,3
1726408727174906614,5
1726408726388949826,3
1726408726385064449,4
1726408726268087349,3
1726408726263828019,6
1726408725688136488,3
1726408725684418742,5
1726408724683212839,3
1726408724679510262,4
1726408723875321314,3
1726408723866265692,6
1726408722684920367,3
1726408722681792144,6
1726408722680867075,3
1726408722677133490,5
1726408722667560874,3
1726408722663657486,4
1726408720578589267,3
1726408720574551164,5
1726408720573603531,3
1726408720568714891,4
1726408719980514855,3
1726408719977087311,6
1726408717683364291,3
1726408717676725898,5
1726408717178846413,3
1726408717168668423,4
1726408716671642684,3
1726408716664062101,6
1726408715971701602,3
1726408715967912967,5
1726408715477464145,3
1726408715473358794,4
1726408715029342185,3
1726408715026013070,6
1726408714575299495,3
1726408714570764872,5
1726408714568569670,3
1726408714563819195,4
1726408714277347125,1
1726408714273207576,2
1726408712517394480,3
1726408712512426470,6
1726408712427820261,3
1726408712424598892,5
1726408712422657713,3
1726408712419312980,4
1726408711699216347,3
1726408711698960361,3
1726408711694745561,6
1726408711694559067,4
1726408711574937396,3
1726408711571435215,5
1726408710584565395,1
1726408710583818435,3
1726408710580552844,5
1726408710580286373,2
1726408710370668201,3
1726408710366819177,4
1726408708883031200,3
1726408708876044800,5
1726408708571679067,1
1726408708571407180,3
1726408708567522403,7
1726408708567405458,6
1726408705971827364,3
1726408705971701722,3
1726408705964343441,6
1726408705964230511,4
1726408705050616168,3
1726408705047100554,4
1726408704740147905,1
1726408704734128818,8
1726408704734113550,3
1726408704723442572,4
1726408704528464730,3
1726408704523059894,6
1726408704473438193,3
1726408704470133413,5
1726408704369755287,3
1726408704366019278,4
1726408703777275518,3
1726408703767814912,6
1726408703169349843,3
1726408703165493809,5
1726408702775392443,3
1726408702771076576,4
1726408702679848736,3
1726408702673899332,6
1726408702090139941,3
1726408702083818438,5
1726408701981863898,3
1726408701978278313,6
1726408701881139083,3
1726408701877714711,4
1726408701281484017,3
1726408701277952768,5
1726408700171040710,3
1726408700166923656,6
1726408699776610446,3
1726408699768986463,4
1726408699094659602,3
1726408699088952915,5
1726408698086694420,3
1726408698085120999,3
1726408698084197967,6
1726408698081538486,4
1726408697474543234,3
1726408697467434743,5
1726408695867263585,3
1726408695863478104,6
1726408695778212610,3
1726408695775215054,4
1726408695373978943,3
1726408695367104456,5
1726408694471553697,1
1726408694466171468,7
1726408694384045612,3
1726408694378995245,6
1726408693083138942,3
1726408693077340258,5
1726408692780674946,3
1726408692779392144,3
1726408692776488610,4
1726408692775032102,6
1726408692080393912,3
1726408692071261009,5
1726408690475404744,3
1726408690464194800,4
1726408690273276546,3
1726408690267677921,6
1726408689980299102,3
1726408689975386426,5
1726408689768469403,1
1726408689763514925,7
1726408689275899389,3
1726408689268923194,5
1726408689171366727,3
1726408689164040961,4
1726408688332718474,3
1726408688329067353,5
1726408688322390015,3
1726408688318617067,4
1726408687975656544,3
1726408687971938183,4
1726408687924491238,3
1726408687918850794,6
1726408687674036520,3
1726408687668045264,5
1726408687584443634,3
1726408687580858733,6
1726408687573933958,3
1726408687570601636,4
1726408686389247907,3
1726408686388966894,1
1726408686385667253,3
1726408686384571499,6
1726408686384273206,8
1726408686380098563,4
1726408684983213086,3
1726408684982277830,3
1726408684966326168,4
1726408684965835595,6
1726408684878162891,3
1726408684866949451,5
1726408682871690821,1
1726408682867729824,2
1726408682775156880,3
1726408682767077663,4
1726408681680183276,3
1726408681674892597,5
1726408680287520734,3
1726408680281052930,6
1726408679972766426,3
1726408679963443336,4
1726408679586727591,3
1726408679582214322,5
1726408677942766176,1
1726408677939424304,2
1726408677771374363,3
1726408677766303413,5
1726408677678278318,3
1726408677674934277,6
1726408677373437239,3
1726408677369437553,4
1726408675782689575,3
1726408675782564544,3
1726408675777651653,5
1726408675776017735,6
1726408675073649535,1
1726408675070060138,7
1726408674679780571,3
1726408674671969257,5
1726408674594194625,3
1726408674582690401,6
1726408672778498528,3
1726408672774948878,4
1726408672494977407,3
1726408672491168246,5
1726408672478931167,3
1726408672474544611,6
1726408670577356196,3
1726408670570884226,5
1726408670177550311,3
1726408670176586014,3
1726408670173519256,6
1726408670167918556,4
1726408668869474608,3
1726408668863627653,5
1726408668474360270,3
1726408668464751009,4
1726408667681245320,3
1726408667672023492,6
1726408665283125260,1
1726408665278677507,7
1726408665272649100,3
1726408665268465365,6
1726408664419141695,3
1726408664415317099,6
1726408664270840623,3
1726408664270718088,3
1726408664266476002,4
1726408664265864038,5
1726408663575494778,3
1726408663569442062,6
1726408662972395423,3
1726408662968905828,5
1726408662882578005,3
1726408662882372591,3
1726408662878899806,4
1726408662878651855,6
1726408661324994385,3
1726408661312646623,4
1726408661288598969,3
1726408661288486181,3
1726408661282653874,5
1726408661281836528,6
1726408659584752990,1
1726408659578965559,7
1726408658883569725,3
1726408658877567322,5
1726408658779398053,3
1726408658773766061,6
1726408656531776600,3
1726408656530992630,3
1726408656530130685,3
1726408656528607454,6
1726408656526434489,4
1726408656526355379,5
1726408655382757867,3
1726408655367101984,5
1726408654679625519,3
1726408654671127768,6
1726408654483030344,3
1726408654476923433,4
1726408653674518522,3
1726408653667143169,5
1726408652672495596,3
1726408652668933093,6
1726408652395955050,3
1726408652388646078,4
1726408652284683966,1
1726408652281369253,8
1726408651778543968,3
1726408651771085605,4
1726408651680266416,3
1726408651675082354,5
1726408651496632127,3
1726408651491268429,6
1726408651083520936,3
1726408651075423683,4
1726408650981389890,3
1726408650974748905,5
1726408649473736634,3
1726408649468784172,6
1726408648882243132,3
1726408648878996914,5
1726408648869288403,3
1726408648865674778,4
1726408647679588367,3
1726408647676067566,6
1726408647083221431,3
1726408647077992012,4
1726408646871139756,3
1726408646863887565,5
1726408645994838786,3
1726408645979971840,4
1726408645372752282,3
1726408645367832676,6
1726408644574180479,1
1726408644564632518,8
1726408643483822624,3
1726408643470970841,6
1726408643384796750,3
1726408643381593997,4
1726408641377129893,3
1726408641373467047,5
1726408640675639462,3
1726408640670664088,4
1726408640271655836,3
1726408640266964687,6
1726408638574139882,1
1726408638570515999,8
1726408637180189595,3
1726408637177056251,6
1726408637175843730,3
1726408637175821576,3
1726408637167929447,4
1726408637167602190,5
1726408635411595133,3
1726408635402624091,5
1726408635074469515,1
1726408635074303384,3
1726408635067886721,4
1726408635067591073,2
1726408633270381361,3
1726408633265556437,5
1726408632470758551,3
1726408632467014815,6
1726408632393833510,3
1726408632388806964,4
1726408631879018526,3
1726408631875471047,5
1726408631515404665,1
1726408631510797497,7
1726408631285092701,3
1726408631281507146,5
1726408630875396493,3
1726408630874238691,3
1726408630870045568,4
1726408630869774952,6
1726408630383753451,1
1726408630374743717,7
1726408630171107563,3
1726408630164050531,6
1726408630070018010,3
1726408630063219219,5
1726408628999334083,3
1726408628995196394,4
1726408628585001833,3
1726408628584886537,3
1726408628582439649,4
1726408628581786159,6
1726408628579834340,3
1726408628571941437,5
1726408626794109333,1
1726408626785666939,2
1726408626387443929,3
1726408626371798613,4
1726408626171537276,3
1726408626164185313,5
1726408624671512754,3
1726408624666939946,6
1726408624278200740,3
1726408624274761727,4
1726408623682948447,3
1726408623679493027,5
1726408622571987024,1
1726408622568287521,2
1726408621971076724,3
1726408621967082115,4
1726408621784047841,3
1726408621778637036,5
1726408621082238772,3
1726408621076366811,4
1726408620782647026,1
1726408620778927801,2
1726408619476960644,3
1726408619473334279,5
1726408618579214804,3
1726408618575541847,4
1726408617679473744,3
1726408617676101392,6
1726408616283560579,3
1726408616280269222,4
1726408616278766481,3
1726408616267204027,5
1726408614990707944,3
1726408614986752165,6
1726408614075900010,3
1726408614075830951,3
1726408614068461888,5
1726408614068301115,4
1726408612982581721,3
1726408612973154606,6
1726408612479568602,3
1726408612475904670,5
1726408612395201464,3
1726408612390822362,4
1726408610482073460,1
1726408610478665192,7
1726408610474301443,3
1726408610464210185,6
1726408608878586969,3
1726408608872495756,6
1726408608779351984,3
1726408608775933317,4
1726408608680572445,3
1726408608676916316,5
1726408607074195113,1
1726408607067816439,7
1726408606174619688,3
1726408606166985935,5
1726408605387092140,3
1726408605383037808,6
1726408605378296535,3
1726408605374118448,4
1726408604076376722,3
1726408604067166546,5
1726408601805065864,3
1726408601801553406,5
1726408601769097643,3
1726408601766017276,4
1726408600874567423,3
1726408600871148850,6
1726408600571536274,3
1726408600569997860,1
1726408600566856193,5
1726408600564080457,7
1726408599973450035,3
1726408599968407293,6
1726408599275474745,3
1726408599270833636,5
1726408599269618231,3
1726408599264147379,4
1726408598071415904,3
1726408598065690121,6
1726408597370419213,3
1726408597364076062,5
1726408596790031423,3
1726408596783470450,4
1726408595792283387,3
1726408595786941139,5
1726408595579699135,3
1726408595574991270,6
1726408595371367246,3
1726408595364388384,4
1726408593297503045,3
1726408593294310398,6
1726408593291674215,3
1726408593287725262,5
1726408592574856729,3
1726408592566848773,4
1726408591387539712,3
1726408591387155415,3
1726408591383534385,5
1726408591381269676,6
1726408590074810023,3
1726408590071306818,4
1726408588868197730,3
1726408588863770584,5
1726408587882087867,3
1726408587881429265,1
1726408587878566025,4
1726408587878538037,2
1726408587274879696,3
1726408587270514114,4
1726408587075841378,3
1726408587072341411,5
1726408586574380345,3
1726408586566924684,6
1726408585983548691,3
1726408585979528351,4
1726408585675721912,3
1726408585670903924,5
1726408582871089161,3
1726408582867066004,6
1726408582174921800,3
1726408582172559283,3
1726408582169608164,5
1726408582168437403,4
1726408580165294042,3
1726408580162225464,6
1726408580161106194,3
1726408580157832821,4
1726408580140103206,3
1726408580124427461,5
1726408579373178893,3
1726408579371879561,3
1726408579367241047,6
1726408579367161498,4
1726408578873086449,3
1726408578863390031,5
1726408577171597516,3
1726408577163937907,4
1726408576671546653,3
1726408576664014967,6
1726408576268427800,3
1726408576263845433,5
1726408575071190912,3
1726408575067064897,4
1726408574772147266,3
1726408574767259270,6
1726408573481424502,1
1726408573475924849,8
1726408572883110559,3
1726408572877041560,6
1726408572681953994,3
1726408572673149481,4
1726408571977531965,3
1726408571974019652,5
1726408571676523230,3
1726408571673398791,6
1726408571171303555,1
1726408571166843163,7
1726408570286311989,3
1726408570282795674,5
1726408569177093533,3
1726408569164325513,6
1726408567882293409,3
1726408567878952652,4
1726408567572092055,3
1726408567566880714,5
1726408567483929875,3
1726408567478842694,6
1726408565875127143,3
1726408565863887128,4
1726408564285777137,3
1726408564282453067,6
1726408564175898771,3
1726408564170809562,5
1726408563477667174,3
1726408563471032058,4
1726408562287280032,3
1726408562283561422,5
1726408562194004800,3
1726408562188385021,6
1726408560779572797,3
1726408560774690599,4
1726408559873984742,1
1726408559867111946,2
1726408559480177676,3
1726408559474830706,5
1726408559179087434,3
1726408559172923995,4
1726408558475331359,3
1726408558467470923,6
1726408556385088874,3
1726408556381176342,5
1726408555877842350,3
1726408555874083435,4
1726408555576201033,1
1726408555570815906,2
1726408554279438873,3
1726408554275106733,5
1726408554083037322,3
1726408554079028715,4
1726408553378438539,3
1726408553370977880,6
1726408552172241230,3
1726408552165648025,4
1726408551570691020,3
1726408551564272661,5
1726408549681085462,3
1726408549680997454,3
1726408549676085405,4
1726408549676026296,6
1726408549285233307,1
1726408549282152375,8
1726408547774658443,3
1726408547768266468,6
1726408547680188099,3
1726408547679262219,3
1726408547676211967,4
1726408547675686850,5
1726408545971189101,1
1726408545967363653,2
1726408545724210155,3
1726408545722048958,3
1726408545721159899,5
1726408545719009649,4
1726408544773504253,3
1726408544769618870,6
1726408543483401649,3
1726408543475031607,4
1726408542770957316,3
1726408542767456707,5
1726408541579921275,1
1726408541579106357,3
1726408541575327816,2
1726408541575271828,4
1726408541277260912,3
1726408541274136622,5
1726408540492071495,3
1726408540480347931,6
1726408539971189115,3
1726408539965329380,4
1726408539269435637,3
1726408539264527479,5
1726408536771541363,3
1726408536763288115,6
1726408536692502982,1
1726408536687936216,8
1726408536279528842,3
1726408536271359143,4
1726408534478719155,3
1726408534467894997,6
1726408534073673721,3
1726408534067280660,5
1726408531587304814,3
1726408531580949566,4
1726408530883289939,3
1726408530878584602,6
1726408530579736981,1
1726408530575118264,8
1726408529583442374,3
1726408529577184895,4
1726408528674710816,3
1726408528666904236,6
1726408527067342677,3
1726408527063602263,5
1726408526874665462,3
1726408526871090251,4
1726408526578657145,3
1726408526568654661,6
1726408523581949320,3
1726408523578783500,5
1726408523569642512,3
1726408523569401654,3
1726408523564411051,6
1726408523564241989,4
1726408521880837782,3
1726408521880500472,3
1726408521876462655,6
1726408521876012274,4
1726408521371515066,3
1726408521365840754,5
1726408521171507820,3
1726408521166911774,4
1726408520973928155,3
1726408520970568746,6
1726408520583050288,3
1726408520578965630,5
1726408519779517321,3
1726408519772436349,6
1726408519612162627,3
1726408519603590683,5
1726408519190791535,3
1726408519187567008,3
1726408519182681274,4
1726408519182401234,6
1726408518971415414,3
1726408518964285101,5
1726408517278357904,3
1726408517277050308,3
1726408517274232418,6
1726408517274124351,5
1726408517179206087,3
1726408517174754094,4
1726408515994721001,3
1726408515971021269,6
1726408515584951116,3
1726408515576857739,5
1726408515493328494,3
1726408515488981408,4
1726408514283945617,3
1726408514280520003,6
1726408514087311096,1
1726408514083072730,8
1726408512882582751,3
1726408512876441435,4
1726408511489839863,3
1726408511488662156,3
1726408511481742556,6
1726408511481558123,5
1726408510073261271,3
1726408510067005640,4
1726408509074702299,3
1726408509067539603,5
1726408508482022622,3
1726408508474585328,6
1726408507200081063,3
1726408507196247519,4
1726408506475147241,1
1726408506466878145,8
1726408506284898287,3
1726408506281307590,6
1726408505495728816,3
1726408505493481809,4
1726408504274070886,3
1726408504266896692,5
1726408504070745395,3
1726408504067408956,6
1726408503575100036,3
1726408503566899985,4
1726408503271042273,3
1726408503265817538,5
1726408503181002601,3
1726408503177619535,6
1726408501082405956,3
1726408501076835210,6
1726408500783622959,3
1726408500780572896,4
1726408500572520750,3
1726408500569298994,5
1726408500377724388,3
1726408500374547077,6
1726408500270695788,3
1726408500266384630,4
1726408499679879475,3
1726408499676296959,5
1726408498278621932,3
1726408498270771203,6
1726408497982931885,3
1726408497978697653,4
1726408497971082077,1
1726408497967349964,8
1726408496075551739,3
1726408496066958615,6
1726408495975604689,3
1726408495967379069,5
1726408495471931825,3
1726408495465859583,4
1726408493766965134,3
1726408493763459503,4
1726408493677016782,3
1726408493676653734,3
1726408493673941816,6
1726408493672470717,5
1726408491977330724,3
1726408491973495421,4
1726408491888011476,1
1726408491883743341,8
1726408491378502121,3
1726408491373376911,6
1726408489773012586,3
1726408489769267856,3
1726408489769037873,5
1726408489764462745,6
1726408489675235445,3
1726408489667167926,4
1726408488177216705,1
1726408488175348617,3
1726408488172799852,5
1726408488172519905,7
1726408487979447609,3
1726408487966510168,6
1726408487771121924,3
1726408487765825170,5
1726408487584299202,3
1726408487577755432,4
1726408485432175621,3
1726408485429069127,4
1726408485379091866,3
1726408485374759442,3
1726408485374270963,6
1726408485369704904,5
1726408483487063043,3
1726408483482988558,5
1726408483379751512,3
1726408483372107891,6
1726408483174392495,3
1726408483163988143,4
1726408481579591854,3
1726408481574253674,6
1726408481379870363,3
1726408481373660963,5
1726408481175546548,1
1726408481168497925,7
1726408480675640035,3
1726408480669346001,6
1726408480071566134,3
1726408480066965566,4
1726408479986884589,3
1726408479983464142,6
1726408479681024632,3
1726408479677405091,5
1726408477685505340,3
1726408477681909590,4
1726408477589984369,3
1726408477583536791,6
1726408476527085875,3
1726408476523843477,6
1726408476079621074,3
1726408476075104569,5
1726408475870508416,3
1726408475867013145,4
1726408475770702201,3
1726408475764165770,6
1726408474583200878,1
1726408474575535974,7
1726408473883415237,3
1726408473882525083,3
1726408473879972677,6
1726408473876507016,5
1726408473382861052,3
1726408473378688797,6
1726408473372286587,3
1726408473366950659,4
1726408472687853793,3
1726408472684613760,5
1726408470967510359,3
1726408470963858947,6
1726408470479015423,3
1726408470467388388,5
1726408469976077456,3
1726408469967302439,4
1726408468482047392,3
1726408468475029756,6
1726408467180132356,3
1726408467176812744,4
1726408466991553839,3
1726408466985686495,1
1726408466985387719,5
1726408466978960988,2
1726408465730522486,3
1726408465723709925,4
1726408465625788975,3
1726408465620689081,6
1726408465619086428,3
1726408465615937428,5
1726408465072336654,3
1726408465067335153,4
1726408464071445629,3
1726408464067025873,6
1726408463786577954,3
1726408463782942900,5
1726408461983738124,3
1726408461975924003,5
1726408461885182101,3
1726408461880587579,4
1726408461374190830,3
1726408461369092902,5
1726408461169735660,3
1726408461165969574,6
1726408460670856514,3
1726408460664154431,4
1726408460097107347,3
1726408460093413825,5
1726408459570971550,3
1726408459566979233,6
1726408458090254569,3
1726408458083252723,4
1726408457767486375,3
1726408457763503497,5
1726408457579599611,3
1726408457574416773,6
1726408456479522621,3
1726408456475678704,5
1726408456375317073,3
1726408456374652929,3
1726408456370877916,4
1726408456370470185,6
1726408455086391120,3
1726408455082063460,5
1726408454971324881,3
1726408454965195391,6
1726408454178123628,3
1726408454167310122,4
1726408452782886943,3
1726408452779848789,6
1726408452768595210,3
1726408452763449042,5
1726408452369511499,3
1726408452365762299,4
1726408450479899975,3
1726408450479052068,3
1726408450466056426,6
1726408450465772732,5
1726408448580145654,3
1726408448570786810,6
1726408448270896765,3
1726408448267064111,4
1726408447919360875,3
1726408447913702916,3
1726408447909395986,5
1726408447909101924,6
1726408447271989598,3
1726408447264581295,4
1726408446771207414,3
1726408446764627135,6
1726408445671402242,3
1726408445667186311,5
1726408445283326821,1
1726408445282474946,3
1726408445276627467,4
1726408445273604857,2
1726408444071349313,3
1726408444067119151,5
1726408442578139280,3
1726408442578121410,3
1726408442565573880,4
1726408442564787744,6
1726408441873280841,3
1726408441868272063,5
1726408440389405865,3
1726408440385984843,5
1726408440291652544,1
1726408440286996179,7
1726408440284760241,3
1726408440280104635,6
1726408438679536162,3
1726408438678568643,3
1726408438675423654,5
1726408438675097944,4
1726408438474561056,3
1726408438465133134,6
1726408437580689110,1
1726408437570916542,8
1726408437482301389,3
1726408437473842481,4
1726408436490152657,3
1726408436481916354,6
1726408435871308070,3
1726408435863511257,5
1726408435471783609,3
1726408435466541922,6
1726408435368210945,3
1726408435364098036,4
1726408434380954976,1
1726408434377038996,8
1726408434081511446,3
1726408434076961942,6
1726408433778621520,3
1726408433774836729,4
1726408432279710581,3
1726408432275990089,6
1726408432190077864,3
1726408432175936648,4
1726408432084966365,3
1726408432081357462,5
1726408431687700056,3
1726408431676123778,6
1726408430781493079,3
1726408430777842564,4
1726408430375204799,3
1726408430367038517,5
1726408429591531637,3
1726408429587702533,6
1726408429182387049,3
1726408429178966083,4
1726408428170972245,3
1726408428166885029,5
1726408427577208611,1
1726408427574874162,3
1726408427573656710,7
1726408427565607193,6
1726408426680745411,3
1726408426676738829,5
1726408426077138335,3
1726408426072342921,6
1726408425577345330,3
1726408425573813647,5
1726408425375666539,1
1726408425368744882,7
1726408424171730329,3
1726408424166268248,6
1726408423475775994,3
1726408423467986413,4
1726408422883015055,1
1726408422871092826,2
1726408421675022951,3
1726408421666961561,4
1726408421570858292,3
1726408421566885057,5
1726408421080243120,3
1726408421075161880,6
1726408419479588658,3
1726408419477793555,1
1726408419476979333,5
1726408419471545639,7
1726408419382910731,3
1726408419376872148,6
1726408417671096584,3
1726408417665566074,4
1726408417568599899,3
1726408417564272801,6
1726408417032920043,3
1726408417029733787,5
1726408416773099774,3
1726408416770189025,6
1726408416768816640,1
1726408416763682459,7
1726408416170999129,3
1726408416167655883,4
1726408415967590860,3
1726408415963600020,5
1726408415381142410,3
1726408415377001009,4
1726408415283983066,3
1726408415275786447,6
1726408414183034375,1
1726408414176325148,8
1726408413076920172,3
1726408413073184281,4
1726408413070663534,3
1726408413066776249,6
1726408411875138521,3
1726408411865092274,5
1726408411483898666,3
1726408411476775408,4
1726408411273224159,3
1726408411266966845,6
1726408410975080458,1
1726408410970829765,8
1726408409871367580,3
1726408409864786600,4
1726408409479180193,3
1726408409472165854,5
1726408408779466324,3
1726408408775076737,6
1726408407775834178,3
1726408407771878084,4
1726408407678266033,3
1726408407674500319,5
1726408407398237787,1
1726408407392628703,2
1726408405283029264,3
1726408405274984611,3
1726408405274702746,6
1726408405266556676,4
1726408404876662698,1
1726408404873319638,8
1726408404481730524,3
1726408404478212977,6
1726408403790315539,3
1726408403779155524,4
1726408402778602121,3
1726408402774984895,5
1726408401184182882,3
1726408401180568604,6
1726408400779932443,3
1726408400774872672,5
1726408400574458197,3
1726408400567105241,4
1726408399171475950,3
1726408399166883789,6
1726408398490040671,3
1726408398483272219,5
1726408398374020614,3
1726408398367633498,4
1726408397272199024,3
1726408397271400156,3
1726408397271137989,3
1726408397266903866,6
1726408397266539354,5
1726408397263652724,4
1726408394782214741,3
1726408394774929846,4
1726408394271529554,3
1726408394266871831,6
1726408394178683852,3
1726408394171030964,5
1726408392571652981,1
1726408392565426994,7
1726408391671409438,3
1726408391667039625,5
1726408390993476665,3
1726408390988794960,6
1726408389783337653,3
1726408389773531590,4
1726408389590578878,3
1726408389586873468,5
1726408388888061324,3
1726408388880805693,6
1726408387879756407,3
1726408387874623577,4
1726408386878437781,3
1726408386874826405,5
1726408385571169466,3
1726408385567060353,4
1726408385174238733,3
1726408385170761762,6
1726408385067699175,1
1726408385063843570,8
1726408383168399819,3
1726408383168260878,3
1726408383163886515,4
1726408383163574124,5
1726408383071511519,3
1726408383067119419,6
1726408380870673793,3
1726408380866694952,4
1726408380840904726,3
1726408380837422535,5
1726408380770245455,3
1726408380767026598,6
1726408379671578018,3
1726408379667855871,4
1726408379596513097,3
1726408379594436567,3
1726408379586873697,5
1726408379586217381,6
1726408377684835116,3
1726408377679687014,4
1726408377182486057,3
1726408377178775827,6
1726408375480353714,3
1726408375475196514,5
1726408375071181091,3
1726408375067043725,4
1726408374785043438,3
1726408374781816345,6
1726408373883122562,3
1726408373880159455,5
1726408373296299753,3
1726408373294565764,3
1726408373291734634,4
1726408373290072557,6
1726408371637800958,3
1726408371636496388,3
1726408371635823983,3
1726408371633736642,4
1726408371633158090,6
1726408371632419900,5
1726408371277692415,3
1726408371276759784,3
1726408371275719745,3
1726408371273405719,5
1726408371273222224,6
1726408371271617990,4
1726408369969247033,3
1726408369965931559,4
1726408369593153316,1
1726408369580079122,8
1726408367570413061,3
1726408367563668960,6
1726408367383637522,1
1726408367379620387,8
1726408366771738491,3
1726408366766819771,4
1726408366171583541,3
1726408366168046755,6
1726408365782244483,3
1726408365777584872,5
1726408364531738025,3
1726408364528581913,5
1726408364434745847,3
1726408364431414648,6
1726408364273396857,3
1726408364270047903,5
1726408364225264266,1
1726408364219759123,7
1726408364020465864,3
1726408364014594208,6
1726408363781359654,3
1726408363779590911,3
1726408363777703398,6
1726408363777688590,3
1726408363775869233,5
1726408363772199262,4
1726408362984302532,3
1726408362983593462,3
1726408362979021110,6
1726408362978609014,4
1726408362975409934,3
1726408362967503708,5
1726408360772618531,3
1726408360764928746,4
1726408360671092991,3
1726408360667481736,6
1726408360081622586,3
1726408360078071749,5
1726408356875541288,3
1726408356866779570,4
1726408356174348854,1
1726408356173035899,3
1726408356170614092,8
1726408356169080066,6
1726408356099711557,3
1726408356096174800,4
1726408355072294878,3
1726408355068716286,5
1726408354976357582,3
1726408354972419580,6
1726408354417372485,3
1726408354412948972,4
1726408354375811023,3
1726408354375673754,3
1726408354372846669,5
1726408354372082755,6
1726408353279371423,3
1726408353274757161,6
1726408352778406964,3
1726408352773514829,4
1726408352674835321,3
1726408352670813677,5
1726408352386390509,3
1726408352382481724,6
1726408350373534858,3
1726408350367133177,4
1726408350275061095,3
1726408350271276193,5
1726408349179862386,3
1726408349174939825,5
1726408348779583298,3
1726408348774332807,6
1726408348672584695,3
1726408348667750074,4
1726408346188289466,3
1726408346179033350,5
1726408345973747200,3
1726408345968547517,4
1726408345874461152,3
1726408345870944954,6
1726408344171950337,1
1726408344166298051,7
1726408343375740421,3
1726408343370893907,6
1726408342188425381,3
1726408342183525087,4
1726408342071196531,3
1726408342066857557,5
1726408341883681182,3
1726408341878658410,6
1726408340378459111,3
1726408340374893544,4
1726408340270309462,3
1726408340266714006,6
1726408339879020395,3
1726408339867393885,5
1726408337978736985,3
1726408337975148393,6
1726408337872828302,3
1726408337866293672,4
1726408337471546102,3
1726408337467518563,5
1726408335142103192,3
1726408335138747485,6
1726408335070259799,3
1726408335066994310,5
1726408334828778574,3
1726408334828758379,3
1726408334824512075,4
1726408334823836127,6
1726408334669374968,3
1726408334665257948,5
1726408333780714484,3
1726408333767136320,4
1726408333575262747,3
1726408333568044932,6
1726408331981403057,3
1726408331977475383,6
1726408331474304328,3
1726408331465962536,5
1726408331370788613,3
1726408331367029786,4
1726408329771737131,3
1726408329765964560,6
1726408329382710216,3
1726408329379176667,5
1726408328878793029,3
1726408328875538687,4
1726408325985461889,3
1726408325983999773,3
1726408325983853433,3
1726408325979935986,6
1726408325979218348,5
1726408325978956095,4
1726408325285597024,3
1726408325282167880,6
1726408324783680420,3
1726408324778369188,4
1726408324270647551,3
1726408324264558389,5
1726408322791719893,3
1726408322790714919,3
1726408322784134681,4
1726408322784005114,6
1726408322288996246,3
1726408322283808873,5
1726408321578999042,3
1726408321572406699,6
1726408321322531761,3
1726408321318365681,5
1726408321083358649,1
1726408321079396570,2
1726408320573642093,3
1726408320570138999,5
1726408319982793524,3
1726408319977151485,4
1726408319473652765,3
1726408319467363657,5
1726408319372307306,3
1726408319367111423,6
1726408318786943574,3
1726408318785594178,3
1726408318781711766,5
1726408318781321816,4
1726408318372581515,3
1726408318364542438,6
1726408317398988653,3
1726408317392163679,4
1726408317297996635,3
1726408317281009771,5
1726408316679588008,3
1726408316675053214,6
1726408315274916564,3
1726408315263754915,4
1726408313876825542,3
1726408313871865077,6
1726408313683892492,3
1726408313677418110,5
1726408311271930834,3
1726408311267025174,4
1726408310974195052,3
1726408310964715354,6
1726408310490620536,1
1726408310486233072,8
1726408309275662768,3
1726408309268029026,4
1726408308984554687,3
1726408308981104752,6
1726408308981076696,3
1726408308974607579,5
1726408306182161220,3
1726408306181716189,3
1726408306176535984,5
1726408306176070307,4
1726408306174716448,1
1726408306167246486,2
1726408303970649510,3
1726408303967157416,5
1726408303775243465,3
1726408303767940930,4
1726408303371420297,3
1726408303367659852,6
1726408300489724373,3
1726408300482933916,4
1726408300377982544,3
1726408300372971941,5
1726408300280336651,3
1726408300276848809,6
1726408298880110598,3
1726408298875099107,4
1726408298480552527,3
1726408298476027191,6
1726408297975457251,1
1726408297971850903,8
1726408297876212571,3
1726408297872976159,4
1726408297202346279,3
1726408297182722984,6
1726408297067863712,3
1726408297063793577,5
1726408296973933666,3
1726408296968540221,4
1726408295682433612,3
1726408295679010241,6
1726408295077817982,3
1726408295069013608,5
1726408294075564897,3
1726408294069549499,4
1726408293185930441,3
1726408293182434949,5
1726408292970522176,3
1726408292967006830,6
1726408292183620622,3
1726408292178887059,4
1726408290171442372,3
1726408290166908183,4
1726408289879789061,3
1726408289876503136,5
1726408289473505334,3
1726408289465973902,6
1726408288474569469,3
1726408288463911161,4
1726408288386200576,3
1726408288380837624,5
1726408287777634235,3
1726408287764376029,6
1726408287072039383,3
1726408287068028632,5
1726408286671673744,3
1726408286665288772,4
1726408285976349187,3
1726408285968262228,6
1726408285671722577,3
1726408285667140010,4
1726408285367057623,3
1726408285363569448,5
1726408284380784567,3
1726408284370455085,6
1726408283973504816,3
1726408283966981009,4
1726408283178985152,3
1726408283169429634,6
1726408282775429185,3
1726408282766994496,4
1726408282173563754,3
1726408282169397091,5
1726408280671848425,1
1726408280667233832,2
1726408279969994652,3
1726408279969160583,3
1726408279966950623,4
1726408279963942676,5
1726408279370951466,3
1726408279366389302,6
1726408278971701933,3
1726408278966888146,5
1726408278369368561,3
1726408278363750475,4
1726408277374504480,1
1726408277365281161,2
1726408275571708080,3
1726408275565782687,6
1726408275379295711,3
1726408275374784997,4
1726408275274054713,3
1726408275265998275,5
1726408272875905949,3
1726408272865805536,4
1726408272477772348,3
1726408272467174393,6
1726408272172967094,3
1726408272164278442,5
1726408271082884219,3
1726408271078986708,6
1726408270871678556,3
1726408270863783986,4
1726408270379192159,3
1726408270375293518,5
1726408269170861363,1
1726408269167337036,2
1726408268871314451,3
1726408268864749564,4
1726408268071245842,3
1726408268063613311,5
1726408266277567179,3
1726408266274068394,6
1726408266173571176,3
1726408266167192359,4
1726408264875126897,3
1726408264866605679,5
1726408264279070899,3
1726408264271198196,6
1726408264182457742,3
1726408264174047954,3
1726408264171670940,4
1726408264170729396,5
1726408263769340254,3
1726408263766177908,6
1726408263674732673,1
1726408263665556230,8
1726408263279048839,3
1726408263273771538,4
1726408262879129160,3
1726408262873586789,6
1726408262570787384,3
1726408262566959978,5
1726408261030969563,3
1726408261030064290,3
1726408261027364250,6
1726408261027009564,4
1726408260780926090,3
1726408260775111380,5
1726408260278955157,3
1726408260274506142,6
1726408259979762920,3
1726408259971547416,4
1726408258176564077,3
1726408258171752278,5
1726408257680378188,1
1726408257675649866,2
1726408257475588678,3
1726408257466558414,4
1726408255171448283,3
1726408255168226661,3
1726408255167512467,5
1726408255164253273,4
1726408254879465064,3
1726408254871041901,6
1726408253273193452,1
1726408253265615763,8
1726408252181263256,3
1726408252167916299,4
1726408250946654002,1
1726408250932458526,8
1726408250915804267,3
1726408250907298623,6
1726408250571265983,3
1726408250567595361,5
1726408250469220810,3
1726408250464903305,4
1726408250283408275,3
1726408250279027942,6
1726408249593658455,3
1726408249587150357,5
1726408248488048787,3
1726408248478401744,3
1726408248478153424,4
1726408248463912773,6
1726408247482670984,3
1726408247479097020,5
1726408245779049462,3
1726408245775102473,6
1726408245021021400,3
1726408245017325331,4
1726408244976858953,3
1726408244973080705,5
1726408244271710028,3
1726408244271448683,3
1726408244267392399,4
1726408244267079638,6
1726408243475849160,3
1726408243468779113,5
1726408243100738050,3
1726408243095989881,4
1726408242771606877,3
1726408242766766848,6
1726408242170765846,1
1726408242165604047,8
1726408241379220143,3
1726408241374258133,4
1726408240579012525,3
1726408240575166985,3
1726408240572483105,4
1726408240571656903,5
1726408240483921655,3
1726408240480454500,6
1726408239368513488,3
1726408239364360936,5
1726408239174437363,3
1726408239172657898,1
1726408239167604812,7
1726408239167479137,6
1726408237430617532,3
1726408237422576706,4
1726408236923796039,3
1726408236915783117,6
1726408236874398147,3
1726408236873424671,3
1726408236870462297,5
1726408236869751871,4
1726408236279642609,1
1726408236275092367,2
1726408235376327864,3
1726408235371564879,4
1726408234779690724,3
1726408234775042524,5
1726408233680455334,3
1726408233670480032,6
1726408232179642286,3
1726408232178074969,3
1726408232175428554,5
1726408232166944606,4
1726408230983691980,3
1726408230979069155,6
1726408228680870713,3
1726408228679923254,3
1726408228678362289,6
1726408228676281644,4
1726408228079190704,3
1726408228069978912,5
1726408226582180493,3
1726408226578366544,6
1726408226494198409,3
1726408226490605570,4
1726408226084347243,3
1726408226076926742,5
1726408224971959225,3
1726408224966453591,6
1726408224778162797,3
1726408224774106948,4
1726408223885083335,3
1726408223879193318,5
1726408222374154548,3
1726408222367395613,6
1726408221673016108,3
1726408221669261078,4
1726408221382487206,3
1726408221378811093,5
1726408221178252097,3
1726408221174759900,6
1726408220978013663,3
1726408220974318296,4
1726408220885088757,3
1726408220878211051,5
1726408220492733111,3
1726408220487395721,6
1726408219182125574,3
1726408219172985157,5
1726408218876509891,3
1726408218873049477,4
1726408218371475728,3
1726408218370646719,1
1726408218367149370,4
1726408218366222598,2
1726408218082964610,3
1726408218078661152,5
1726408217279334574,3
1726408217275091674,4
1726408216882474207,3
1726408216878872865,6
1726408216671616446,3
1726408216667154109,5
1726408214270882264,1
1726408214266757531,7
1726408213975692019,3
1726408213975438718,3
1726408213970986110,4
1726408213970766766,6
1726408213869968451,3
1726408213865592466,5
1726408212271874205,3
1726408212266132752,6
1726408211913407092,3
1726408211906212533,5
1726408211772133246,1
1726408211768862712,7
1726408211674807732,3
1726408211671518538,6
1726408211371228260,3
1726408211363873021,5
1726408211078747935,3
1726408211074952821,4
1726408210879317698,3
1726408210875549388,6
1726408210185852342,3
1726408210181616361,5
1726408209971513561,3
1726408209967369332,4
1726408209179043401,1
1726408209175414707,2
1726408207632230167,3
1726408207626669432,6
1726408207574745423,3
1726408207570119354,5
1726408206231537043,3
1726408206227307882,5
1726408205974257499,3
1726408205967080770,6
1726408205669901141,3
1726408205664688413,4
1726408205570986115,3
1726408205567206053,5
1726408203903332742,1
1726408203900357744,3
1726408203900262967,3
1726408203893635905,2
1726408203893125228,4
1726408203892315096,5
1726408202686269065,3
1726408202682732371,6
1726408202575557231,3
1726408202567933120,5
1726408202181450373,3
1726408202177917591,4
1726408201583196116,3
1726408201575206930,5
1726408201275515863,3
1726408201270812035,6
1726408200970080628,3
1726408200966733669,5
1726408200879510680,3
1726408200878580611,3
1726408200876020698,4
1726408200874498397,6
1726408200079535446,3
1726408200075073220,5
1726408199975215130,1
1726408199970341530,7
1726408199478429315,3
1726408199474708426,6
1726408198702738654,3
1726408198698810499,6
1726408198670001983,3
1726408198664122304,4
1726408198495303985,3
1726408198490594754,5
1726408197180681279,3
1726408197179934218,3
1726408197171195197,6
1726408197170516401,4
1726408195483469406,3
1726408195476324907,6
1726408195471252436,3
1726408195464088928,5
1726408195282472948,3
1726408195273649808,4
1726408193533269674,3
1726408193530320328,6
1726408193483504998,3
1726408193480140751,4
1726408193184433175,1
1726408193180919740,8
1726408193083164872,3
1726408193077120659,6
1726408192474510976,3
1726408192467202755,5
1726408191995306381,3
1726408191987559784,6
1726408191472140655,3
1726408191464428815,4
1726408190983041938,3
1726408190978924182,5
1726408190187754799,3
1726408190180801500,6
1726408189279481582,3
1726408189275289243,4
1726408188774925645,3
1726408188771218314,5
1726408187974717804,3
1726408187966176600,6
1726408186927341318,1
1726408186912571415,8
1726408186635567472,3
1726408186634278311,3
1726408186632690090,6
1726408186631387054,5
1726408186627193633,3
1726408186623664622,4
1726408185978137736,3
1726408185970765689,6
1726408185875469611,3
1726408185872230394,5
1726408185783767630,3
1726408185775879468,4
1726408185478638249,3
1726408185472782933,6
1726408185284292347,1
1726408185284049483,3
1726408185276336612,8
1726408185275754032,4
1726408183732017258,3
1726408183727743192,4
1726408183678299514,3
1726408183678231716,3
1726408183675201152,5
1726408183674396996,6
1726408182975541868,3
1726408182968224945,4
1726408182477536071,3
1726408182472984086,5
1726408181884424866,3
1726408181881107228,6
1726408181678717950,3
1726408181670113890,4
1726408180871533579,3
1726408180864412792,5
1726408180275151875,3
1726408180266993945,4
1726408179408601007,9
1726408179172235712,3
1726408179166785255,5
1726408178874660041,1
1726408178863396394,2
1726408178679281398,3
1726408178672188336,4
1726408176279579601,3
1726408176275064632,5
1726408175882407927,3
1726408175878987138,6
1726408173976420316,3
1726408173967422201,4
1726408173667378193,3
1726408173663731634,5
1726408173379290693,3
1726408173373181188,6
1726408171977935268,3
1726408171963614071,5
1726408171685093228,3
1726408171679326125,4
1726408171279866664,3
1726408171276342223,6
1726408170077473330,3
1726408170073319109,5
1726408169470544013,3
1726408169466944348,4
1726408168878808150,3
1726408168867250584,6
1726408167476453265,3
1726408167469977926,5
1726408166503915137,3
1726408166499606745,4
1726408166284911754,3
1726408166279247724,6
1726408164472568551,3
1726408164467170716,5
1726408163170529707,1
1726408163166790819,2
1726408162873249381,3
1726408162870484992,5
1726408162867991705,3
1726408162864062302,4
1726408162779216937,3
1726408162773618486,6
1726408161272985794,3
1726408161272099222,3
1726408161271815940,3
1726408161264784810,5
1726408161264440385,4
1726408161264391933,6
1726408159983323645,3
1726408159976766385,4
1726408159812420264,3
1726408159807388884,6
1726408158975500025,3
1726408158970806642,5
1726408157875808661,3
1726408157875000168,3
1726408157870309758,6
1726408157869530623,4
1726408157669097350,3
1726408157663669327,5
1726408156102681748,3
1726408156078837949,4
1726408154678607296,3
1726408154668239652,3
1726408154664617950,6
1726408154664000054,5
1726408153783742473,3
1726408153772067206,4
1726408152780546862,3
1726408152774811334,5
1726408152668907967,3
1726408152663922742,6
1726408151680604991,3
1726408151675837626,4
1726408150771552986,3
1726408150763990863,6
1726408150282613050,3
1726408150275790577,5
1726408149385067773,3
1726408149379025960,6
1726408149375702558,3
1726408149370942357,4
1726408148971964175,3
1726408148963462755,5
1726408147675140502,3
1726408147670599693,4
1726408147490769766,3
1726408147485067799,6
1726408146772584464,3
1726408146765031485,5
1726408146473261053,3
1726408146467006532,4
1726408145178467620,1
1726408145174858185,2
1726408144390605366,3
1726408144387116862,3
1726408144382769679,6
1726408144379961269,3
1726408144378458920,5
1726408144376277507,4
1726408143050090270,3
1726408143046428041,6
1726408143035589423,1
1726408143030029274,8
1726408142875589963,3
1726408142872291343,4
1726408141976155577,3
1726408141971762032,6
1726408140778002345,3
1726408140773730594,5
1726408140580710877,1
1726408140576790360,7
1726408139672909022,3
1726408139669964784,5
1726408139669614033,3
1726408139663140893,6
1726408139284813878,10
1726408139274172153,4
1726408137882411368,3
1726408137879414703,6
1726408137879088696,3
1726408137866794231,5
1726408137571710386,10
1726408137566887609,4
1726408137070533305,3
1726408137067136347,6
1726408136871860467,3
1726408136867646827,5
1726408135282714480,10
1726408135278956187,4
1726408134383372698,3
1726408134379948349,6
1726408134378844159,3
1726408134375496571,5
1726408133478833128,10
1726408133467042132,4
1726408132183613434,3
1726408132167560769,5
1726408131673700806,3
1726408131668113037,6
1726408131082181534,10
1726408131078620700,4
1726408128978650442,1
1726408128967658477,8
1726408128071962636,10
1726408128068821858,4
1726408127973235638,3
1726408127969847303,6
1726408127468488115,3
1726408127464703060,5
1726408127379909908,10
1726408127375780818,4
1726408125491268985,10
1726408125487284271,6
1726408125487115656,3
1726408125482670299,5
1726408124375766511,11
1726408124366738307,7
1726408123567118784,10
1726408123563548748,6
1726408123271555855,3
1726408123270771205,10
1726408123268722921,5
1726408123267669461,4
1726408122682339095,10
1726408122667281941,6
1726408121683088527,10
1726408121678582483,10
1726408121675017327,4
1726408121671678657,5
1726408121382484837,10
1726408121378948383,6
1726408119380547980,11
1726408119375426076,2
1726408119073589545,10
1726408119068363419,4
1726408118478434212,10
1726408118474376990,5
1726408116071434489,10
1726408116063762958,4
1726408115579435251,10
1726408115575223147,5
1726408115484696610,10
1726408115481318206,6
1726408113487946629,10
1726408113480849082,5
1726408112482431692,10
1726408112478535607,5
1726408112390328333,10
1726408112384172971,4
1726408111129949302,10
1726408111109610750,4
1726408110813819263,10
1726408110810643965,5
1726408110327100795,11
1726408110323798511,7
1726408108179127306,10
1726408108168811684,5
1726408107758403191,9
1726408107733629926,12
1726408107733621964,12
1726408107732274132,12
